time,price,position,maker_value,filler_value
1706584008.679375,103.5099,-1.2,440.72,15.42
1706584028.6093848,103.3995,-1.2,440.87,15.42
1706584058.6600673,103.4100,-1.2,440.92,15.42
1706584148.848967,103.1240,-1.0,441.16,15.46
1706584301.9062967,102.8881,-0.7,441.38,15.55
1706584601.3438761,102.6716,-0.7,441.47,15.82
1706584908.6125546,102.7064,-0.7,441.52,15.82
1706585804.5972686,102.3806,-0.5,441.70,16.01
1706586707.5027735,102.0587,-0.4,441.83,16.13
1706589536.468897,101.7769,-1.7,443.09,16.45
1706589556.4272418,101.7513,-1.7,443.10,16.46
1706589586.471812,101.8676,-1.7,442.95,16.46
1706589676.675605,101.8677,-1.7,442.93,16.53
1706589829.0633643,101.7879,-1.7,443.03,16.69
1706590131.3002253,102.1105,-1.7,442.44,16.69
1706590428.9521732,102.0958,-1.7,442.74,17.03
1706591331.9434102,102.3104,-1.7,442.17,17.29
1706592234.2607462,102.3457,-1.4,442.13,17.95
1706595325.1728103,102.4804,-1.0,441.99,18.81
1706595345.2592566,102.4857,-1.0,441.97,18.81
1706595375.3305178,102.4692,-1.0,442.05,18.84
1706595465.584053,102.6299,-1.0,441.87,18.92
1706595616.828426,102.6765,-1.4,441.84,19.06
1706595917.2865794,102.5946,-1.4,441.86,19.26
1706596218.853694,102.6663,-1.4,441.94,19.26
1706597122.72832,102.8019,-1.4,441.66,20.02
1706598023.1085117,103.2363,-1.5,441.06,21.21
1706598926.4728184,103.0332,-1.4,441.37,22.24
1706599828.4703228,103.1895,-1.4,441.16,24.34
1706600739.5927222,102.9890,-1.4,441.41,25.45
1706601639.3592093,102.8462,-1.1,441.65,26.27
1706602535.3755558,102.9235,-1.1,441.60,26.81
1706603438.2684886,103.5957,-0.6,440.87,27.42
1706604339.5797546,103.8260,-0.9,440.88,28.29
1706605244.2546375,103.5374,0.4,441.04,29.62
1706606145.6619084,103.6095,0.3,441.03,30.83
1706607046.628965,103.1874,0.3,440.94,32.31
1706607949.1807182,103.8391,1.1,441.12,34.06
1706608852.1840165,103.4980,2.3,439.98,35.60
1706609755.369605,103.3214,3.0,439.81,37.39
1706610656.3412666,103.9881,3.3,441.83,38.80
1706611563.1567633,104.3057,0.9,443.40,40.41
1706612472.2376215,104.5363,2.1,443.54,42.09
1706613366.412875,104.7811,0.8,444.13,44.49
1706614272.7175188,104.9667,-0.8,444.44,45.84
1706615171.1832793,105.8215,-1.1,443.31,46.32
1706616082.1493814,105.6325,-1.1,443.27,47.16
1706616983.2955186,105.6738,-1.8,443.76,47.58
1706617889.1105788,104.6903,-0.5,445.05,47.88
1706618791.9989245,104.2644,0.0,445.26,48.31
1706619687.739487,104.6591,0.0,445.18,49.00
1706620597.337073,104.1675,0.1,445.05,49.48
1706621495.2969918,103.8314,0.1,445.05,50.12
1706622396.4643729,104.0906,-0.4,445.05,50.67
1706623300.0301042,104.2489,-0.2,445.09,51.26
1706624210.4495623,104.4648,0.0,445.02,51.78
1706625105.50047,105.2286,0.0,445.01,52.40
1706626013.0759904,105.1783,-0.1,445.03,53.17
1706626907.887695,105.1233,-0.5,445.20,53.63
1706627811.4406807,105.8978,-0.6,444.97,54.22
1706628716.818782,106.1952,1.4,444.99,54.75
1706629622.6630697,105.4130,0.5,444.66,55.30
1706630532.5641298,104.6931,0.5,444.33,55.67
1706631434.978068,103.7077,0.6,443.75,55.88
1706632327.8816066,104.0092,0.4,444.01,56.09
1706633233.604029,104.0778,0.0,443.98,56.53
1706634135.4123492,104.7756,0.0,443.93,56.96
1706635029.2665582,105.0901,0.3,443.93,57.68
1706635939.4593365,104.7324,0.8,443.74,58.46
1706636832.537265,104.7831,0.6,443.68,59.16
1706637735.5122075,104.8816,0.6,443.74,59.94
1706638639.149844,104.6911,1.1,443.28,61.30
1706639540.527869,104.5739,0.8,443.26,61.80
1706640441.6250315,104.8306,0.6,443.47,62.29
1706641345.3885238,104.9365,0.5,443.57,62.75
1706642255.7272205,105.3908,0.0,443.86,63.61
1706643148.5431478,104.9695,0.0,443.85,63.76
1706644051.2642071,105.2479,0.0,443.84,64.25
1706644952.8716633,105.4719,-0.3,443.80,64.50
1706645857.5087676,105.0600,-0.3,443.92,64.79
1706646757.1348395,105.3879,-0.2,443.84,65.38
1706647659.0285764,105.4519,-0.2,443.85,65.70
1706648561.9359076,104.8816,-0.2,443.94,65.90
1706649464.5126257,104.9196,0.0,443.80,66.96
1706650369.8356092,104.5838,0.0,443.82,67.40
1706651267.3655505,104.5667,0.0,443.80,67.76
1706652170.617753,104.3505,0.3,443.81,68.07
1706653072.8523889,104.3887,0.2,443.82,68.52
1706653976.501538,103.9754,0.2,443.72,68.84
1706654881.4062226,103.8513,0.2,443.71,69.15
1706655783.5030797,103.6151,-0.2,443.76,69.62
1706656684.4337692,103.6359,-0.2,443.75,69.87
1706657590.057081,102.6456,1.7,443.75,70.71
1706658498.583836,101.4106,0.6,441.55,71.13
1706659064.9111278,101.3826,-0.1,441.50,71.13
1706659084.8692768,101.4129,-0.1,441.44,71.23
1706659114.9677296,101.4058,-0.1,441.42,71.23
1706659205.0822544,101.3729,-0.1,441.45,71.23
1706659365.5087342,101.8939,-0.2,441.39,71.24
1706659667.2946398,100.9515,0.1,441.43,71.35
1706659968.004461,100.5188,0.0,441.37,71.35
1706660870.1568787,100.3698,0.2,441.32,71.85
1706661764.9519339,100.1624,0.0,441.34,72.57
1706662675.0546064,100.4460,0.2,441.32,73.03
1706663574.9632986,100.5493,-0.3,441.42,73.21
1706664470.2970576,99.8801,-0.1,441.56,73.48
1706665375.0950024,99.9315,0.0,441.59,74.01
1706666276.01274,100.2699,0.0,441.46,74.52
1706667178.9061542,100.2118,0.0,441.48,75.09
1706668080.9909625,100.5862,0.0,441.50,75.37
1706668982.7836556,99.8418,0.0,441.52,75.92
1706669885.6133642,100.4340,0.0,441.48,76.74
1706670787.9364414,100.5386,0.0,441.51,77.41
1706671690.982416,100.8667,0.0,441.48,79.05
1706672598.2994516,101.1787,0.0,441.48,80.95
1706673496.4617794,101.0234,0.0,441.48,81.49
1706674406.5484974,100.9612,0.0,441.51,81.68
1706675306.2303553,100.4736,0.3,441.36,82.35
1706675651.797785,100.2989,0.3,441.30,82.40
1706675671.836566,100.2690,0.3,441.29,82.53
1706675701.9562166,100.2947,0.3,441.27,82.60
1706675792.0672574,100.3360,0.3,441.30,82.96
1706675946.709621,100.4233,0.3,441.33,83.17
1706676245.0267227,100.3321,0.3,441.31,83.23
1706676546.116721,100.3762,0.3,441.30,83.42
1706677448.786328,100.9107,0.2,441.44,84.13
1706678351.0679593,101.5662,0.2,441.57,85.49
1706679254.1585817,101.3008,1.3,441.85,86.49
1706680159.9865143,101.4461,5.7,440.71,88.72
1706681063.2023182,100.9898,5.7,437.99,89.34
1706681962.7226455,101.0678,4.6,438.59,90.90
1706682865.4818544,100.7096,4.6,436.62,93.95
1706683777.312924,100.3936,4.6,435.52,95.34
1706684675.3163328,100.3028,4.6,435.34,95.80
1706685520.999706,101.0542,2.0,437.07,97.42
1706685540.922398,101.0570,2.0,437.30,97.47
1706685570.9875429,101.0594,2.0,437.23,97.47
1706685661.1687362,101.0671,2.0,437.39,97.64
1706685812.6235328,101.0884,2.0,437.41,97.76
1706686113.5169406,101.1917,2.3,437.62,98.09
1706686417.0986893,101.0623,2.3,437.39,98.26
1706687327.0338516,101.0430,2.3,437.03,99.44
1706688229.9284446,101.7663,0.8,438.59,100.84
1706689133.360273,101.5574,0.5,438.40,101.57
1706690031.23924,101.3906,0.7,438.32,102.72
1706690930.2554626,101.1907,1.9,437.94,103.23
1706691833.7980387,100.7114,1.9,437.34,103.87
1706692737.3767507,100.4918,-1.5,436.51,104.10
1706693639.5906007,100.5144,-1.5,436.41,104.59
1706694546.9850442,100.6536,0.5,436.74,106.85
1706695446.7720232,99.5585,0.4,436.98,108.00
1706696350.5864103,99.2422,0.2,436.97,108.81
1706697254.8522317,99.2731,0.1,436.95,111.70
1706698155.8688278,98.0925,3.1,435.60,112.17
1706699064.1034105,97.9919,-0.9,435.90,113.50
1706699961.2529252,98.1798,0.9,435.96,114.67
1706700869.898826,98.5901,0.4,435.86,116.21
1706701767.537302,98.8891,0.2,436.00,117.17
1706702677.8723598,99.1115,-0.2,436.08,118.04
1706703577.7615144,99.2359,-0.5,436.15,120.79
1706704487.0285108,99.7319,-0.8,435.94,122.42
1706705381.9506521,99.3917,-0.6,436.22,123.28
1706706285.343649,99.3579,-0.6,436.17,124.32
1706707189.8769526,99.3779,-0.6,436.31,124.83
1706708093.0512068,99.8007,-0.4,436.04,125.79
1706708999.5132895,99.6195,0.5,435.84,126.78
1706709901.1694276,99.2806,0.2,435.72,127.63
1706710802.9533672,98.5559,0.0,435.59,128.58
1706711703.1171613,99.8086,6.5,443.99,130.54
1706712613.5477479,99.9827,5.4,444.32,131.19
1706713515.4788864,99.2686,0.7,444.16,131.73
1706714415.4721434,97.5915,1.0,442.62,131.74
1706715320.1800163,100.2745,-0.8,441.78,131.84
1706716221.9381955,101.1799,-0.9,440.81,132.71
1706717123.6373053,101.8975,-2.8,439.73,133.42
1706718026.3450592,101.1890,-1.4,440.61,134.06
1706718923.1089227,101.1837,-1.6,440.81,134.37
1706719826.899436,101.1853,-0.3,441.09,134.58
1706720732.737279,101.2390,-0.4,441.06,134.58
1706721631.1816258,101.1497,-0.3,441.04,135.16
1706722535.759461,101.7680,-0.2,440.84,135.62
1706723439.4400432,102.1061,-0.1,440.83,135.96
1706724332.8024218,102.2443,-1.1,440.75,136.37
1706725235.6605682,102.1329,-0.9,441.02,136.95
1706726137.6899903,101.8630,-0.9,441.34,137.12
1706727040.0119257,101.3939,0.6,440.99,137.55
1706727941.7589293,101.8250,0.1,441.12,138.00
1706728850.8272984,100.3250,0.1,442.64,138.19
1706729747.0990245,100.6383,0.5,442.89,138.19
1706730649.0927422,100.7134,-0.1,442.93,138.19
1706731552.0808587,99.5879,0.0,442.83,138.29
1706732454.8433232,98.9199,0.0,442.79,138.29
1706733356.7311237,99.1220,0.0,442.78,138.29
1706734259.4116118,98.0864,0.0,442.77,138.29
1706735162.881811,97.9270,0.0,442.78,138.29
1706736064.5413609,98.4430,0.0,442.83,138.29
1706736967.2006383,96.4792,0.0,442.77,138.29
1706737869.8841527,96.9410,0.0,442.83,138.29
1706738774.6667638,96.9484,0.0,442.77,138.29
1706739676.3882456,97.2930,0.0,442.80,138.29
1706740578.8777952,97.1648,0.0,442.78,138.29
1706741481.452924,97.5622,0.0,442.79,138.29
1706741903.367222,97.7178,0.0,442.81,138.29
1706741923.3888261,97.7989,0.0,442.79,138.30
1706741953.4733827,97.7996,0.0,442.78,138.30
1706742043.9024832,97.6475,0.0,442.78,138.32
1706742195.4011636,97.5854,0.0,442.90,138.34
1706742496.0836313,97.2342,0.0,442.79,138.58
1706742798.5055046,96.7610,0.0,442.96,138.67
1706743698.5319011,97.1720,0.0,442.80,138.97
1706744609.617575,96.7407,0.0,442.78,139.03
1706745508.3435612,96.9805,0.0,442.78,139.03
1706746412.575093,97.3859,0.1,442.82,139.37
1706747317.11182,96.7888,0.1,442.75,139.75
1706748219.0301285,96.4923,-0.1,442.86,140.25
1706749117.8313136,97.4107,-0.1,442.67,140.59
1706750015.3082159,96.0915,0.1,442.80,140.94
1706750923.1754649,95.4841,0.4,442.84,141.05
1706751831.5922542,94.9305,0.7,442.14,141.37
1706752730.20776,94.2153,1.7,441.85,141.60
1706753631.9320827,94.1794,0.6,441.94,141.94
1706754533.2416496,94.0671,-1.4,441.73,142.22
1706755437.4476967,94.2370,-0.5,441.99,143.01
1706756339.87708,94.3265,-0.5,441.88,143.24
1706757246.9714658,93.9741,-0.5,442.38,143.92
1706758146.303647,93.6389,-0.5,442.26,144.23
1706759044.873032,94.1500,1.5,442.39,144.65
1706759952.7379425,93.6037,2.4,441.38,145.51
1706760848.6848161,93.3465,1.2,441.59,145.66
1706761751.860665,93.6909,0.5,441.69,146.25
1706762656.5157218,93.8213,-3.0,440.42,146.39
1706763557.8425949,93.9576,-1.9,440.46,147.37
1706764458.5846384,94.1781,-2.2,440.36,148.50
1706765362.011113,93.6488,-1.6,441.08,149.55
1706766265.3804252,93.8627,-1.6,440.56,150.08
1706767165.3218017,94.1649,-0.2,440.93,151.39
1706768075.9979482,94.4683,-0.1,440.80,152.47
1706768969.9600458,94.2387,0.2,440.78,153.27
1706769880.5755851,94.5150,0.0,440.69,154.39
1706770774.8436973,94.6528,0.0,440.67,155.06
1706771680.5843132,94.7677,0.3,440.66,156.39
1706772579.178296,95.2418,0.2,440.79,157.60
1706773489.4141173,95.3757,0.0,440.74,158.28
1706774392.1599867,94.8833,0.3,440.77,159.09
1706775288.2008445,94.6966,0.2,440.71,159.87
1706776190.6527865,94.7084,0.5,440.75,160.29
1706777090.113163,95.2809,0.6,441.23,160.73
1706777994.692236,95.1627,0.8,440.93,161.31
1706778896.5833879,94.8218,-0.2,440.72,161.89
1706779798.17559,95.9799,0.4,439.35,162.81
1706780699.3948667,95.5926,0.7,438.86,163.41
1706781603.0260966,95.9791,-1.3,439.25,163.50
1706782505.7173107,96.3316,0.1,439.13,163.67
1706783407.7137678,96.7891,0.0,439.14,164.18
1706784309.0996659,96.1664,1.6,438.73,165.12
1706785211.380401,96.3990,1.6,439.51,165.56
1706786112.6816127,96.2961,1.6,439.42,165.88
1706787015.572416,95.8336,1.1,438.67,166.20
1706787919.191186,95.9891,0.7,438.86,166.35
1706788820.8673913,95.4765,0.9,438.40,166.45
1706789725.3207252,95.7152,0.5,438.51,166.80
1706790624.9060035,95.8376,0.8,438.47,166.98
1706791535.1533523,95.4393,0.5,438.07,167.43
1706792432.5311575,95.1796,0.7,438.01,167.58
1706793331.7525287,94.9928,0.5,437.81,167.58
1706794243.8499193,95.7067,0.9,438.00,167.84
1706795137.2051237,95.6687,2.0,437.57,169.05
1706796043.6763892,95.5748,1.9,437.33,169.83
1706796951.0779586,95.8342,1.5,437.86,170.04
1706797845.3878603,96.5899,-0.1,438.72,170.84
1706798754.935078,97.0927,0.7,438.39,171.59
1706799649.7627096,96.6886,0.8,437.97,172.40
1706800550.6392498,97.2220,-1.0,438.17,173.25
1706801454.9065993,97.5471,0.4,438.50,174.15
1706802363.1086438,96.4521,0.5,437.83,174.54
1706803265.3956714,96.1245,0.6,437.51,174.78
1706804167.2330966,96.1469,0.5,437.47,174.94
1706805090.4093356,95.5799,0.6,437.14,175.18
1706805110.4821997,95.5057,0.6,437.13,175.18
1706805140.5048573,95.4093,0.6,437.13,175.18
1706805230.6327012,95.3919,0.6,436.95,175.25
1706805381.052006,95.0121,0.7,436.65,175.25
1706805691.7056,95.5094,1.5,437.33,175.40
1706805992.2789567,96.0531,1.5,437.98,175.44
1706806155.7305956,96.2005,1.2,438.42,175.44
1706806175.776596,96.1784,1.2,438.24,175.52
1706806205.9436328,96.2583,1.2,438.20,175.52
1706806296.1262875,96.2512,1.2,438.39,175.52
1706806446.5265858,96.2746,1.2,438.36,175.56
1706806757.3045866,96.4566,1.1,438.44,175.75
1706807048.3103678,96.4912,1.7,438.61,175.86
1706807960.4317427,96.8291,1.7,438.97,176.05
1706819365.6524956,97.2863,0.3,439.27,176.12
1706819385.5244384,97.2691,0.3,439.24,176.12
1706819415.7676969,97.2187,0.3,439.26,176.13
1706819505.9163423,97.1839,0.3,439.22,176.24
1706819666.4873707,97.1948,0.3,439.24,176.55
1706819965.271408,97.1666,0.2,439.26,176.66
1706820265.1211898,97.3825,0.2,439.29,176.92
1706821161.1879382,97.0820,0.2,439.19,177.77
1706822067.6245663,97.8729,-0.1,439.13,178.27
1706822967.249859,97.6703,0.0,439.06,179.25
1706823870.1696734,97.9733,0.0,439.13,179.47
1706824778.1983266,97.9974,0.0,439.18,180.29
1706825680.160558,97.6068,-0.5,439.18,181.16
1706826575.5416765,97.1961,0.5,439.00,182.28
1706827480.2164066,97.1397,0.2,438.96,183.01
1706828377.8792,97.0763,1.0,439.08,183.87
1706829280.3641813,96.9877,1.9,438.87,184.82
1706830182.224554,97.4194,1.7,439.51,185.96
1706831091.4559057,97.6205,1.1,439.83,186.37
1706831993.0431466,97.7709,1.1,439.94,186.83
1706832898.6407456,97.9586,-0.5,439.61,187.28
1706833801.70897,99.2271,0.6,438.60,187.47
1706834703.2939532,99.3110,0.9,438.53,187.78
1706835605.5605128,98.9373,1.5,438.04,188.49
1706836501.8946896,99.1978,-0.6,438.42,189.25
1706837402.3139737,99.0854,1.3,438.45,190.91
1706838307.1574976,98.8020,-0.7,438.19,191.84
1706839206.4716074,98.6611,2.0,438.29,193.33
1706840117.3719335,98.7215,2.3,438.40,193.88
1706841014.218517,98.3212,3.1,436.61,194.66
1706841916.9610481,99.1867,1.3,439.15,195.34
1706842818.1042337,99.3950,0.3,439.77,196.38
1706843727.7480185,99.4654,1.0,439.76,197.11
1706844624.4774454,99.4601,2.4,440.73,199.40
1706845531.6832683,99.1038,3.0,440.74,200.45
1706846429.6685915,98.9794,3.3,440.49,200.46
1706847329.5264888,98.8225,1.2,441.34,201.18
1706848235.2336981,99.2666,-1.2,442.46,202.16
1706849136.7556806,98.9787,1.4,544.98,0.35
1706850042.31058,99.0892,-0.6,545.42,1.04
1706850942.3117738,98.5733,-1.9,546.44,1.72
1706851845.2529123,98.7986,-0.5,547.62,3.04
1706852748.3343983,99.0083,3.0,547.70,3.52
1706853652.051264,99.3170,-1.0,556.45,5.00
1706854554.1281815,99.4898,4.8,556.44,6.54
1706855457.641433,99.9312,0.6,557.46,8.18
1706856367.2949383,99.9858,-2.4,558.69,10.06
1706857265.5080569,100.2351,-2.0,559.57,10.65
1706858167.6816745,100.4758,2.3,559.65,11.99
1706859075.9970343,100.2933,2.3,561.38,13.13
1706859975.2713552,100.7451,3.8,563.86,14.86
1706860887.4210632,101.4003,4.9,567.29,15.50
1706861786.9213085,100.5112,1.3,568.09,16.19
1706862687.8328643,100.8244,0.5,569.36,17.32
1706863595.1004415,100.2109,-1.0,569.28,19.04
1706864491.0470715,100.5252,3.6,569.97,20.90
1706865397.8733191,100.4962,-0.2,570.39,22.06
1706866300.1209977,100.9594,2.4,571.39,23.56
1706867200.94482,101.0085,6.9,571.19,26.35
1706868112.1124501,100.8321,1.0,571.75,28.14
1706869008.7628627,100.8721,-0.3,572.07,29.94
1706869911.823306,101.2881,6.8,572.53,31.54
1706870817.3833401,101.9538,-0.9,572.26,32.68
1706871718.5187569,101.9636,3.4,572.55,34.14
1706872622.952464,101.5747,5.2,571.46,35.19
1706873528.0182488,102.0784,3.6,573.34,37.49
1706874433.678928,102.0796,4.8,576.96,40.08
1706875337.2617483,101.8296,3.9,575.55,41.99
1706876240.1997564,102.3588,1.2,578.19,44.26
1706877144.995891,102.0131,-2.2,577.81,45.32
1706878052.8653045,101.6560,-0.9,577.14,46.01
1706878949.4753888,101.5248,0.7,577.99,47.77
1706879856.8266428,101.4369,1.0,579.01,48.84
1706880766.639552,100.1532,1.1,578.44,50.06
1706881669.0860827,99.0372,1.6,578.46,50.46
1706882570.8201354,98.6305,2.1,577.95,50.86
1706883475.4753213,99.0926,2.1,578.23,51.60
1706884370.5912695,99.1257,1.7,578.07,53.00
1706885281.866907,99.5220,3.9,579.60,54.30
1706886180.0435529,99.2210,0.7,579.49,55.52
1706887086.740686,101.0767,1.2,580.99,56.79
1706887993.916977,100.6642,1.1,580.28,57.49
1706888896.9924076,101.2367,0.8,580.28,58.02
1706889800.365002,101.6525,0.1,580.64,58.35
1706890703.474714,101.3208,0.4,580.04,59.09
1706891606.4147568,100.3846,1.1,579.31,60.24
1706892509.725315,100.2485,2.3,578.55,60.94
1706893412.9492395,99.9699,2.3,578.34,61.89
1706894315.4660676,100.3365,6.1,580.23,63.05
1706895210.9290798,100.1909,6.3,579.75,63.84
1706896115.5137532,99.4719,6.7,573.63,64.68
1706897019.589665,99.1756,2.6,572.45,66.37
1706897923.1057754,99.1621,-2.1,570.73,67.52
1706898825.215814,98.8905,-2.6,571.37,68.43
1706899726.0146644,98.9153,2.6,572.15,69.90
1706900632.0179265,99.4039,-1.3,571.63,70.61
1706901537.3873525,98.9612,0.1,571.92,71.26
1706902435.7238963,99.2026,0.5,571.99,71.58
1706903337.5187402,99.1773,-0.5,572.01,72.25
1706904241.5696187,99.6076,0.7,571.70,73.47
1706905145.059427,99.3801,-0.8,572.12,75.33
1706906057.4297738,99.7442,2.2,571.83,76.77
1706906950.2113607,99.5323,2.2,571.23,78.13
1706907853.7613952,99.2916,2.2,570.70,78.61
1706908754.9409213,99.2903,-1.6,571.14,78.84
1706909658.7664955,99.4954,-1.6,570.84,79.68
1706910561.1743212,99.3414,-1.6,571.02,80.65
1706911463.7854178,99.3329,-1.6,570.99,81.22
1706912367.4376721,99.5896,-1.6,570.77,81.82
1706913270.6822138,100.0138,-1.6,569.98,82.31
1706914171.7183433,100.1325,-1.6,569.81,82.76
1706915077.4912486,100.7382,-1.6,568.90,83.05
1706915978.469589,100.4484,-1.6,569.18,83.45
1706916886.057642,100.6276,-2.0,569.02,83.75
1706917786.2219548,100.4311,1.5,571.09,84.46
1706918698.0671816,100.1106,0.8,572.54,85.71
1706919602.5836112,100.5838,2.1,573.90,86.85
1706920505.9885578,100.8124,0.8,575.30,87.94
1706921409.2334373,100.4523,0.8,574.92,88.64
1706922312.8742056,100.2461,-1.0,575.28,89.11
1706923216.2719784,100.3901,-1.5,575.68,89.85
1706924120.7044353,100.3457,2.7,575.93,90.38
1706925023.2962055,99.7258,-0.6,577.17,91.06
1706925926.6044686,99.8633,0.5,577.14,91.33
1706926829.9010963,99.5881,0.3,578.31,91.94
1706927733.837096,99.7921,0.6,578.28,92.38
1706928636.142671,99.4301,0.7,577.99,93.20
1706929540.2924316,99.4219,0.3,578.03,93.94
1706930444.5589416,99.7270,1.0,577.92,94.59
1706931348.629918,99.3944,-2.2,577.92,94.84
1706932244.7807457,99.3833,-2.4,578.30,95.06
1706933152.102081,99.5397,-4.2,578.07,95.70
1706934052.9715412,99.3812,0.6,580.14,97.07
1706934957.920215,99.6905,-2.3,580.25,97.70
1706935858.3491285,99.6545,-1.9,581.15,97.96
1706936765.3980567,99.3705,-0.6,582.77,98.56
1706937667.027618,99.7858,-1.6,583.86,99.61
1706938571.4490826,99.7618,2.7,584.57,100.80
1706939473.8129878,99.8811,7.2,585.44,102.45
1706940381.2541509,99.9840,-1.6,588.39,103.07
1706941284.5736806,99.7831,-1.4,589.68,103.87
1706942189.7047532,99.7653,1.4,591.21,104.75
1706943091.6390193,99.7566,-0.6,592.62,105.70
1706943997.421181,99.6531,3.6,592.65,106.64
1706944902.197939,99.3625,1.5,592.47,107.29
1706945807.0376818,99.4791,3.4,592.83,107.66
1706946721.0105138,98.9373,6.6,588.89,108.28
1706947620.0110965,99.2723,8.6,591.47,108.83
1706948520.9225523,99.1088,9.0,589.73,109.07
1706949431.666344,98.7596,9.0,586.38,109.38
1706950331.4068398,98.5886,9.7,585.15,110.00
1706951235.5995297,98.9232,10.4,587.99,110.53
1706952140.8966126,99.0371,12.5,589.25,111.04
1706953047.0403197,99.0973,9.5,590.26,111.43
1706953951.3318362,98.9704,10.2,588.73,111.61
1706954858.2655506,99.0120,11.4,589.57,111.89
1706955761.616017,99.0615,12.0,589.90,112.33
1706956668.8021653,98.8817,12.3,587.66,112.65
1706957575.9083714,98.9294,13.1,588.37,113.50
1706958482.354298,98.8108,13.1,585.97,113.87
1706959388.075849,98.4918,13.3,582.68,114.09
1706960295.7796805,98.4395,13.7,581.75,114.62
1706961201.7188048,98.6347,14.1,584.49,114.71
1706962110.627573,98.5762,14.4,583.18,114.99
1706963014.4956868,98.8972,15.0,588.53,115.29
1706963920.7349398,98.7150,15.0,585.76,115.47
1706964827.0748518,98.8070,15.2,587.04,115.52
1706965731.8416765,98.6999,-4.2,584.23,116.40
1706966637.4259953,98.6363,0.6,584.76,117.39
1706967543.9969292,97.9978,1.4,583.98,117.95
1706968447.2824264,97.8204,-1.8,584.53,119.34
1706969352.856418,97.8971,-1.8,584.36,120.43
1706970258.3606024,98.0382,-1.5,584.30,121.06
1706971166.642599,97.9453,-3.1,584.68,121.77
1706972069.2766635,97.6348,-4.0,585.73,122.98
1706972976.4869187,96.6862,-1.8,588.14,123.49
1706973879.4338229,97.2745,-1.8,587.18,124.20
1706974780.8092542,97.7320,2.3,586.30,125.47
1706975685.1324103,98.0765,5.5,586.93,127.12
1706976589.0763843,98.1649,5.9,587.40,128.06
1706977492.9860628,98.1719,0.2,587.38,128.78
1706978398.0588143,98.0630,1.1,587.21,129.83
1706979303.8412755,97.8404,1.3,586.91,130.32
1706980208.145107,97.9201,5.5,587.13,131.02
1706981112.1770785,97.7954,7.3,586.21,131.94
1706982019.7561002,98.0005,6.7,587.12,132.66
1706982921.2488408,98.6196,3.6,592.30,133.71
1706983825.531709,98.1482,3.0,589.91,134.18
1706984728.8533406,97.9836,2.7,589.42,134.90
1706985634.269589,97.5946,-1.5,590.28,135.56
1706986536.1454828,97.4773,0.9,590.83,136.41
1706987440.6798444,97.7136,0.7,591.00,136.91
1706988346.929266,97.7908,2.5,591.37,137.35
1706989248.5170643,97.8368,2.5,591.54,138.28
1706990151.6112294,98.0410,-3.9,591.27,139.45
1706991056.9642303,97.8782,-0.2,593.21,140.58
1706991958.9686172,97.9127,-1.1,593.34,141.48
1706992863.4946089,98.1279,3.1,594.09,142.53
1706993768.260085,98.0980,-1.2,593.95,143.30
1706994671.6585598,98.2004,0.9,594.05,144.15
1706995575.9030643,97.8698,0.1,594.79,144.80
1706996478.8541405,97.8201,2.9,595.27,145.59
1706997383.5297172,97.8867,-0.4,595.46,146.27
1706998290.8573902,98.1880,-1.2,598.45,147.05
1706999195.4237125,98.2475,-1.2,598.29,147.77
1707000097.5216167,98.2887,-2.9,599.46,148.62
1707001000.4215267,97.9312,-3.4,601.05,149.52
1707001907.0908153,98.1341,-0.4,600.32,149.95
1707002812.3786018,97.7231,-1.4,600.38,150.89
1707003716.9653754,97.7151,1.5,600.82,151.92
1707004624.0116553,97.8756,-2.3,603.36,153.46
1707005530.8170295,97.6567,-0.8,603.39,153.75
1707006434.6425228,97.4082,5.5,603.35,154.45
1707007338.3326864,97.4932,-5.1,604.69,154.89
1707008243.1751337,97.8577,0.7,604.24,155.50
1707009149.3215415,97.7957,1.3,604.88,156.08
1707010056.6758063,97.8815,2.4,604.89,156.59
1707010974.1757946,98.2549,3.6,606.00,156.94
1707011886.5494137,98.4467,3.6,606.85,156.95
1707012780.242426,98.3654,2.5,606.44,157.51
1707013685.4591618,98.1964,-1.9,608.07,157.84
1707014593.1214066,98.1880,-1.5,610.45,158.62
1707015499.0807965,98.1531,-0.1,611.57,159.25
1707016405.32758,98.2679,2.0,611.47,159.52
1707017312.5505311,98.5464,1.2,612.59,159.95
1707018220.158035,98.4545,1.2,613.35,160.47
1707019128.9892554,98.3459,-1.4,614.32,160.77
1707020034.7882223,97.8430,-2.9,615.64,161.29
1707020941.1152442,97.2559,2.4,615.18,161.68
1707021849.3268147,97.4943,2.1,616.35,162.41
1707022752.2865543,97.5365,-1.9,616.58,163.01
1707023657.1013732,98.0324,1.9,617.28,163.25
1707024563.5699015,97.7021,-1.9,617.04,163.34
1707025471.4440463,97.6535,2.6,617.68,163.78
1707026377.1419773,97.6178,-3.0,618.56,164.05
1707027284.103603,97.7946,0.4,620.81,164.72
1707028190.4335208,97.0821,-1.6,622.28,165.55
1707029096.2637155,97.2198,0.2,622.16,165.66
1707030001.4197297,97.0443,-0.9,622.63,166.17
1707030906.771059,97.0454,6.5,621.52,166.70
1707031812.742361,96.7624,5.5,619.27,167.34
1707032721.1715631,96.2374,-3.1,620.96,167.78
1707033625.4824672,96.5105,-5.5,620.02,168.14
1707034533.6205149,96.5904,-6.1,619.94,168.56
1707035439.4990516,96.6327,-6.2,619.58,169.17
1707036346.1330347,96.6333,2.2,618.77,169.52
1707037254.2042367,96.5240,2.1,618.59,169.54
1707038161.257782,96.3325,2.5,617.80,170.26
1707039068.4947119,97.0957,3.3,620.06,170.52
1707039975.8402057,97.3969,-2.4,621.56,170.88
1707040880.6818466,97.3882,-0.8,621.61,171.19
1707041788.3704536,97.2678,0.4,621.66,171.76
1707042695.766217,97.2400,0.4,621.68,171.97
1707043603.1422694,97.1032,0.9,621.53,172.12
1707044508.7563553,97.0339,2.0,621.16,172.82
1707045415.5526156,97.5851,4.4,622.42,173.35
1707046322.5324664,97.6383,8.8,623.39,174.02
1707047228.268721,98.0601,9.3,626.79,174.29
1707048134.4894178,97.8992,9.9,626.35,174.37
1707049039.6662452,98.1903,11.7,628.11,174.68
1707049948.166863,98.1145,13.8,628.02,175.03
1707050854.655234,97.9304,15.3,625.51,175.63
1707051760.20018,97.8694,16.2,623.63,175.97
1707052665.8606844,97.8476,17.0,623.62,176.33
1707053570.6570883,97.7991,18.0,622.46,176.66
1707054475.8442903,97.7041,19.0,620.58,177.04
1707055379.7256684,97.8017,19.4,622.22,177.29
1707056285.2847838,97.9671,21.6,625.63,177.64
1707057190.5509138,98.2044,23.1,630.08,178.37
1707058098.2011213,97.6358,23.3,618.23,179.01
1707059002.0688272,97.4177,23.2,612.04,179.53
1707059907.4180236,97.6426,5.1,611.63,180.07
1707060813.4910793,97.4906,5.1,611.26,180.72
1707061720.0928328,97.5211,5.5,611.35,181.08
1707062625.5704668,97.5857,1.2,612.61,181.79
1707063530.190127,97.3940,0.7,613.14,183.04
1707064434.935601,97.3546,-1.8,613.28,183.44
1707065342.8258572,97.1992,1.9,614.22,183.95
1707066247.978804,97.2913,0.3,615.21,184.91
1707067152.1958272,97.2650,1.4,615.40,185.79
1707068056.1885989,97.1150,1.5,616.62,186.77
1707068960.4553745,97.3532,-0.9,618.12,188.19
1707069864.9165325,96.7559,1.9,618.26,189.36
1707070768.4153872,96.9873,0.7,619.98,190.33
1707071673.1429892,96.8145,-0.6,619.95,190.94
1707072578.8300183,96.4915,-1.7,620.66,192.06
1707073486.6930103,96.6776,0.6,620.37,192.90
1707074390.7087235,96.6270,0.6,621.34,193.75
1707075300.5711186,96.4448,-2.4,620.72,194.89
1707076200.3217807,96.4508,1.2,620.84,195.66
1707077105.7397892,96.4824,-2.2,621.19,196.25
1707078012.9948277,96.4563,4.9,624.54,197.31
1707078919.187282,95.7643,4.1,621.04,197.96
1707079819.8632643,96.2106,2.2,622.48,198.60
1707080724.123222,96.8248,-2.3,624.93,199.57
1707081627.9905543,96.6228,2.7,624.73,200.60
1707082532.0903568,96.6694,1.9,627.19,201.06
1707083436.6113846,96.2589,0.0,627.83,201.71
1707084340.9901726,96.2586,-1.7,628.36,202.34
1707085246.068761,96.5128,2.4,628.98,202.91
1707086151.6045997,95.7717,-0.9,630.64,204.07
1707087062.8544629,95.8463,8.3,632.07,204.93
1707087958.1953108,95.9956,2.9,631.79,205.46
1707088867.1060572,95.3535,-2.0,633.04,205.63
1707089775.6087265,95.4549,3.0,633.92,205.89
1707090684.6776638,95.5453,-1.2,633.98,206.54
1707091579.2046227,95.4700,-1.5,634.67,207.20
1707092483.8607063,95.6151,-3.6,637.39,207.85
1707093388.5380387,95.4480,-1.5,638.28,208.56
1707094297.0266826,95.2884,-1.5,638.49,208.79
1707095202.6430883,95.0918,1.5,639.79,209.41
1707096111.0226212,94.7706,4.0,639.75,209.92
1707097015.1847637,95.0727,6.1,641.66,210.68
1707097914.8636339,95.0911,4.7,642.99,211.43
1707098820.7055953,95.5044,2.5,643.94,212.34
1707099727.1668835,94.8230,0.2,641.88,213.32
1707100627.4018352,94.9339,-1.1,642.83,214.53
1707101538.0968845,95.1261,0.2,642.60,214.78
1707102439.4700696,95.4384,4.0,643.34,215.56
1707103346.6378312,95.5688,-0.9,645.46,215.90
1707104254.088594,95.7184,-0.5,646.18,216.43
1707105160.2562969,95.8709,3.1,647.35,216.73
1707106066.0755107,96.3037,0.8,648.90,217.41
1707106970.7104495,96.8821,0.0,648.60,218.35
1707107874.4324243,96.6091,5.8,648.94,219.21
1707108779.7051392,96.3240,7.1,649.15,220.33
1707109686.4515295,96.1616,-3.6,651.89,221.05
1707110594.3993342,96.0382,-3.0,654.37,221.78
1707111500.1729975,95.9820,-3.0,654.43,222.56
1707112408.1304498,96.1455,-3.5,653.84,222.96
1707113313.2590287,96.3432,-3.6,653.32,223.27
1707114221.1378338,96.3544,4.6,652.92,223.89
1707115128.1676617,96.2466,5.4,652.32,224.30
1707116036.51912,96.5413,6.6,654.12,224.64
1707116940.9868877,96.7074,8.1,655.06,225.23
1707117852.4351513,96.9501,8.1,657.32,225.97
1707118753.1574695,97.3617,8.9,660.38,226.57
1707119661.141881,97.7026,-1.9,661.16,227.65
1707120565.0889099,97.7427,1.0,661.46,228.29
1707121470.6405172,97.0708,1.5,660.80,228.46
1707122376.9980514,97.1725,1.5,660.94,228.98
1707123283.1524162,97.3141,-0.9,660.99,229.95
1707124189.710244,97.1412,0.9,659.88,230.43
1707125095.8157387,97.1150,1.4,659.97,230.50
1707126001.0528755,97.0288,1.1,660.00,230.98
1707126909.4542112,97.1717,1.3,660.12,231.34
1707127820.5628455,97.7154,3.3,660.55,232.38
1707128722.4873228,97.7649,6.1,660.84,233.05
1707129630.0666206,97.8179,6.5,660.53,233.50
1707130539.299047,97.7787,6.9,660.37,233.81
1707131448.3193192,97.8288,1.1,661.89,234.24
1707132352.545119,97.7101,2.7,661.71,234.93
1707133260.660844,97.6511,1.5,661.85,235.66
1707134169.8298807,97.6851,-0.5,662.02,236.13
1707135074.0392914,97.8336,-0.5,661.93,236.84
1707135982.3468301,97.5760,-1.0,662.26,237.27
1707136881.9379735,97.5567,-1.0,662.28,237.65
1707137785.7320642,97.5234,3.6,661.61,237.99
1707138690.8728955,97.4600,4.0,661.03,238.45
1707139594.2043066,97.9709,4.4,663.21,239.24
1707140499.8160324,98.3796,6.8,665.26,240.37
1707141405.9541733,98.2553,7.7,663.94,240.88
1707142312.8113058,98.4365,9.3,664.97,242.45
1707143217.2116768,97.9450,9.3,659.97,243.76
1707144121.55029,97.9449,9.3,660.82,244.70
1707145028.4597943,97.6289,9.7,657.77,245.60
1707145935.1816347,97.2983,3.5,654.18,246.52
1707146841.1187356,96.6648,3.7,652.31,247.26
1707147748.8097365,96.4616,3.9,650.99,247.85
1707148662.964906,95.3185,4.4,645.71,248.48
1707149567.3340404,95.6938,3.6,647.01,249.13
1707150472.3161933,95.5011,3.7,646.69,249.75
1707151379.0933478,95.8563,3.0,647.66,250.15
1707152286.0090816,96.1851,3.5,647.89,250.70
1707153183.106877,96.1089,3.6,648.41,251.32
1707154087.655176,95.8252,3.3,647.68,252.00
1707154993.5180128,96.2009,-1.3,647.96,252.47
1707155898.4920652,95.6503,2.9,647.26,253.16
1707156803.1033423,95.6413,3.4,647.45,253.77
1707157708.8324897,95.5041,5.2,646.77,254.81
1707158612.9638426,95.5930,-1.0,647.26,255.31
1707159518.4733615,95.7868,-1.2,647.23,255.93
1707160421.692718,96.1590,2.7,648.64,256.65
1707161326.739883,96.4690,4.2,649.15,257.25
1707162234.0289721,95.9653,-1.8,651.41,258.33
1707163139.2025838,95.8767,0.6,652.10,258.99
1707164045.1526766,95.4073,-0.9,652.62,259.60
1707164955.4510427,95.3404,0.8,653.01,260.35
1707165856.6926205,95.6632,-0.6,652.97,261.23
1707166763.5937247,95.7034,2.0,654.72,261.91
1707167665.5133991,95.6283,-2.4,657.21,262.67
1707168571.3014648,95.3213,-2.8,658.24,263.15
1707169477.7957397,95.4898,1.2,659.06,263.84
1707170384.787317,94.9355,-1.3,658.61,264.43
1707171288.9139404,95.2176,-0.8,658.84,265.26
1707172195.8532312,94.5006,1.1,659.45,266.56
1707173097.8058627,94.7514,2.2,660.31,267.89
1707174003.411263,94.6969,-2.4,662.72,268.55
1707174907.9713392,94.7908,1.4,663.42,268.85
1707175813.6351554,95.4600,-1.1,664.93,269.29
1707176719.7975445,95.6941,-1.6,664.87,269.92
1707177625.8866854,95.5755,1.7,665.40,270.46
1707178168.3567894,95.7839,1.7,665.51,270.64
1707178188.5249527,95.8091,1.7,665.68,270.64
1707178218.5665503,95.8252,1.7,665.65,270.64
1707178308.7994394,95.8438,1.7,665.91,270.75
1707178461.250844,95.7090,1.7,665.35,270.77
